{"cameraMode":{"drawMode":0,"name":"Shaded","section":"Shading Mode"},"sceneLighting":true,"audioPlay":false,"sceneViewState":{"m_AlwaysRefresh":false,"showFog":true,"showSkybox":true,"showFlares":true,"showImageEffects":true,"showParticleSystems":true,"showVisualEffectGraphs":true,"m_FxEnabled":true},"in2DMode":false,"pivot":{"x":-12.780012130737305,"y":0.9924377202987671,"z":-8.680000305175782},"rotation":{"x":0.08846377581357956,"y":-0.5772190690040588,"z":0.06314559280872345,"w":0.8093869090080261},"size":19.095754623413087,"orthographic":false}